{"cameraMode":{"drawMode":0,"name":"Shaded","section":"Shading Mode"},"sceneLighting":false,"audioPlay":false,"sceneViewState":{"showFog":true,"showMaterialUpdate":true,"showSkybox":false,"showFlares":true,"showImageEffects":true,"showParticleSystems":true},"in2DMode":false,"pivot":{"x":-0.0013709664344787598,"y":-0.013308560475707055,"z":-0.033635616302490237},"rotation":{"x":-0.01273972075432539,"y":0.6518244743347168,"z":-0.010964801535010338,"w":-0.758202314376831},"size":2.9395086765289308,"orthographic":false}