{"cameraMode":{"drawMode":0,"name":"Shaded","section":"Shading Mode"},"sceneLighting":false,"audioPlay":false,"sceneViewState":{"showFog":true,"showMaterialUpdate":true,"showSkybox":false,"showFlares":true,"showImageEffects":true,"showParticleSystems":true},"in2DMode":false,"pivot":{"x":-2.1435813903808595,"y":-0.0767507553100586,"z":1.9453741312026978},"rotation":{"x":-0.0033735614269971849,"y":0.996361255645752,"z":-0.07066981494426727,"w":-0.04756142199039459},"size":1.2174856662750245,"orthographic":false}