{"cameraMode":{"drawMode":0,"name":"Shaded","section":"Shading Mode"},"sceneLighting":true,"audioPlay":false,"sceneViewState":{"showFog":true,"showMaterialUpdate":true,"showSkybox":true,"showFlares":true,"showImageEffects":true,"showParticleSystems":true},"in2DMode":false,"pivot":{"x":2.0540130138397219,"y":-5.24254035949707,"z":3.6096696853637697},"rotation":{"x":-0.5784447193145752,"y":0.0029286514036357404,"z":-0.002090802416205406,"w":-0.8157404661178589},"size":15.429450988769532,"orthographic":false}