{"cameraMode":{"drawMode":0,"name":"Shaded","section":"Shading Mode"},"sceneLighting":true,"audioPlay":false,"sceneViewState":{"showFog":true,"showMaterialUpdate":true,"showSkybox":true,"showFlares":true,"showImageEffects":true,"showParticleSystems":true},"in2DMode":false,"pivot":{"x":0.9508198499679565,"y":0.7370786666870117,"z":2.152284622192383},"rotation":{"x":-0.3651333451271057,"y":-0.013411217369139195,"z":0.00524890748783946,"w":-0.9308633804321289},"size":18.27777099609375,"orthographic":false}