{"cameraMode":{"drawMode":0,"name":"Shaded","section":"Shading Mode"},"sceneLighting":false,"audioPlay":false,"sceneViewState":{"showFog":true,"showMaterialUpdate":true,"showSkybox":false,"showFlares":true,"showImageEffects":true,"showParticleSystems":true},"in2DMode":false,"pivot":{"x":-0.29207414388656618,"y":-0.193486750125885,"z":-0.28391075134277346},"rotation":{"x":-0.09593790024518967,"y":0.06772862374782562,"z":-0.006558360066264868,"w":-0.9930723309516907},"size":1.0050005912780762,"orthographic":false}