{"cameraMode":{"drawMode":0,"name":"Shaded","section":"Shading Mode"},"sceneLighting":false,"audioPlay":false,"sceneViewState":{"showFog":true,"showMaterialUpdate":true,"showSkybox":false,"showFlares":true,"showImageEffects":true,"showParticleSystems":true},"in2DMode":false,"pivot":{"x":0.007658600807189941,"y":-0.04849006235599518,"z":0.06226372718811035},"rotation":{"x":-0.012285317294299603,"y":0.6819883584976196,"z":-0.011471622623503209,"w":-0.7311883568763733},"size":1.739278793334961,"orthographic":false}