{"cameraMode":{"drawMode":0,"name":"Shaded","section":"Shading Mode"},"sceneLighting":false,"audioPlay":false,"sceneViewState":{"showFog":true,"showMaterialUpdate":true,"showSkybox":false,"showFlares":true,"showImageEffects":true,"showParticleSystems":true},"in2DMode":false,"pivot":{"x":-0.07209229469299317,"y":-0.20202553272247315,"z":0.11199337244033814},"rotation":{"x":0.18326979875564576,"y":-0.7033100724220276,"z":0.1957831233739853,"w":0.6583588719367981},"size":2.9392786026000978,"orthographic":false}