{"cameraMode":{"drawMode":0,"name":"Shaded","section":"Shading Mode"},"sceneLighting":false,"audioPlay":false,"sceneViewState":{"showFog":true,"showMaterialUpdate":true,"showSkybox":false,"showFlares":true,"showImageEffects":true,"showParticleSystems":true},"in2DMode":false,"pivot":{"x":-0.3624105453491211,"y":-0.07926937192678452,"z":0.08195614814758301},"rotation":{"x":-0.033270567655563357,"y":0.04405840486288071,"z":-0.0014833105960860849,"w":-0.9984869956970215},"size":2.3392786979675295,"orthographic":false}